USE db4407;

INSERT INTO CUSTOMERS (customer_name, customer_address, customer_city, customer_state, customer_zipcode, customer_phone, customer_creditbalance)
  VALUES ('Customer1','Address1','City1','State1','Zipcode1','208111111',0.0);
INSERT INTO CUSTOMERS (customer_name, customer_address, customer_city, customer_state, customer_zipcode, customer_phone, customer_creditbalance)
  VALUES ('Customer2','Address2','City2','State1','Zipcode2','208111112',0.0);
INSERT INTO CUSTOMERS (customer_name, customer_address, customer_city, customer_state, customer_zipcode, customer_phone, customer_creditbalance)
  VALUES ('Customer3','Address3','City3','State1','Zipcode3','208111113',0.0);
INSERT INTO CUSTOMERS (customer_name, customer_address, customer_city, customer_state, customer_zipcode, customer_phone, customer_creditbalance)
  VALUES ('Customer4','Address4','City4','State1','Zipcode4','208111114',0.0);
INSERT INTO CUSTOMERS (customer_name, customer_address, customer_city, customer_state, customer_zipcode, customer_phone, customer_creditbalance)
  VALUES ('Customer5','Address5','City5','State1','Zipcode5','208111115',0.0);
INSERT INTO CUSTOMERS (customer_name, customer_address, customer_city, customer_state, customer_zipcode, customer_phone, customer_creditbalance)
  VALUES ('Customer6','Address6','City6','State1','Zipcode6','208111116',0.0);
INSERT INTO CUSTOMERS (customer_name, customer_address, customer_city, customer_state, customer_zipcode, customer_phone, customer_creditbalance)
  VALUES ('Customer7','Address7','City7','State1','Zipcode7','208111117',0.0);
INSERT INTO CUSTOMERS (customer_name, customer_address, customer_city, customer_state, customer_zipcode, customer_phone, customer_creditbalance)
  VALUES ('Customer8','Address8','City8','State1','Zipcode8','208111118',0.0);
INSERT INTO CUSTOMERS (customer_name, customer_address, customer_city, customer_state, customer_zipcode, customer_phone, customer_creditbalance)
  VALUES ('Customer9','Address9','City9','State1','Zipcode9','208111119',0.0);
INSERT INTO CUSTOMERS (customer_name, customer_address, customer_city, customer_state, customer_zipcode, customer_phone, customer_creditbalance)
  VALUES ('Customer10','Address10','City10','State1','Zipcode10','208111110',0.0);

INSERT INTO BALLOONRIDES (balloonride_date)
  VALUES ('2019-3-20');
INSERT INTO BALLOONRIDES (balloonride_date)
  VALUES ('2019-3-21');
INSERT INTO BALLOONRIDES (balloonride_date)
  VALUES ('2019-3-22');
INSERT INTO BALLOONRIDES (balloonride_date)
  VALUES ('2019-3-23');
INSERT INTO BALLOONRIDES (balloonride_date)
  VALUES ('2019-3-24');
INSERT INTO BALLOONRIDES (balloonride_date)
  VALUES ('2019-3-25');
INSERT INTO BALLOONRIDES (balloonride_date)
  VALUES ('2019-3-26');
INSERT INTO BALLOONRIDES (balloonride_date)
  VALUES ('2019-3-27');
INSERT INTO BALLOONRIDES (balloonride_date)
  VALUES ('2019-3-28');
INSERT INTO BALLOONRIDES (balloonride_date)
  VALUES ('2019-3-29');

INSERT INTO RESERVATIONS (balloonride_id, customer_id)
  VALUES(1,1);
INSERT INTO RESERVATIONS (balloonride_id, customer_id)
  VALUES(1,2);
INSERT INTO RESERVATIONS (balloonride_id, customer_id)
  VALUES(1,3);
INSERT INTO RESERVATIONS (balloonride_id, customer_id)
  VALUES(2,1);
INSERT INTO RESERVATIONS (balloonride_id, customer_id)
  VALUES(2,2);
INSERT INTO RESERVATIONS (balloonride_id, customer_id)
  VALUES(2,3);
INSERT INTO RESERVATIONS (balloonride_id, customer_id)
  VALUES(3,1);
INSERT INTO RESERVATIONS (balloonride_id, customer_id)
  VALUES(3,2);
INSERT INTO RESERVATIONS (balloonride_id, customer_id)
  VALUES(3,3);
INSERT INTO RESERVATIONS (balloonride_id, customer_id)
  VALUES(4,1);
INSERT INTO RESERVATIONS (balloonride_id, customer_id)
  VALUES(4,2);
INSERT INTO RESERVATIONS (balloonride_id, customer_id)
  VALUES(4,3);

INSERT INTO CREDITCARDS (creditcard_number, creditcard_type, creditcard_expirationmonth, creditcard_expirationyear)
  VALUES ('0000111122223333','DEBIT',2,2020);
INSERT INTO CREDITCARDS (creditcard_number, creditcard_type, creditcard_expirationmonth, creditcard_expirationyear)
  VALUES ('0000111122224444','DEBIT',2,2020);
INSERT INTO CREDITCARDS (creditcard_number, creditcard_type, creditcard_expirationmonth, creditcard_expirationyear)
  VALUES ('0000111122225555','DEBIT',2,2020);
INSERT INTO CREDITCARDS (creditcard_number, creditcard_type, creditcard_expirationmonth, creditcard_expirationyear)
  VALUES ('0000111122226666','DEBIT',2,2020);
INSERT INTO CREDITCARDS (creditcard_number, creditcard_type, creditcard_expirationmonth, creditcard_expirationyear)
  VALUES ('0000111122227777','DEBIT',2,2020);
INSERT INTO CREDITCARDS (creditcard_number, creditcard_type, creditcard_expirationmonth, creditcard_expirationyear)
  VALUES ('0000111122228888','CREDIT',2,2020);
INSERT INTO CREDITCARDS (creditcard_number, creditcard_type, creditcard_expirationmonth, creditcard_expirationyear)
  VALUES ('0000111122229999','CREDIT',2,2020);
INSERT INTO CREDITCARDS (creditcard_number, creditcard_type, creditcard_expirationmonth, creditcard_expirationyear)
  VALUES ('0000111122220000','CREDIT',2,2020);
INSERT INTO CREDITCARDS (creditcard_number, creditcard_type, creditcard_expirationmonth, creditcard_expirationyear)
  VALUES ('0000111122221111','CREDIT',2,2020);
INSERT INTO CREDITCARDS (creditcard_number, creditcard_type, creditcard_expirationmonth, creditcard_expirationyear)
  VALUES ('0000111122222222','CREDIT',2,2020);

INSERT INTO EMPLOYEES (employee_ssn, employee_name, employee_address, employee_city, employee_state, employee_zipcode, employee_homephone, employee_cellphone, employee_email, employee_commissionpercent, employee_salescount, employee_salesamount)
  VALUES ('000-00-1111','Employee1','Address1','City1','State1','Zipcode1','208111111','2081111111','employee1@gmail.com',2,50,10000.00);
INSERT INTO EMPLOYEES (employee_ssn, employee_name, employee_address, employee_city, employee_state, employee_zipcode, employee_homephone, employee_cellphone, employee_email, employee_commissionpercent, employee_salescount, employee_salesamount)
  VALUES ('000-00-2222','Employee2','Address1','City1','State1','Zipcode1','208111112','2081111112','employee1@gmail.com',2,50,30000.00);
INSERT INTO EMPLOYEES (employee_ssn, employee_name, employee_address, employee_city, employee_state, employee_zipcode, employee_homephone, employee_cellphone, employee_email, employee_commissionpercent, employee_salescount, employee_salesamount)
  VALUES ('000-00-3333','Employee3','Address1','City1','State1','Zipcode1','208111113','2081111113','employee1@gmail.com',2,50,50000.00);
INSERT INTO EMPLOYEES (employee_ssn, employee_name, employee_address, employee_city, employee_state, employee_zipcode, employee_homephone, employee_cellphone, employee_email, employee_commissionpercent, employee_salescount, employee_salesamount)
  VALUES ('000-00-4444','Employee4','Address1','City1','State1','Zipcode1','208111114','2081111114','employee1@gmail.com',2,50,70000.00);
INSERT INTO EMPLOYEES (employee_ssn, employee_name, employee_address, employee_city, employee_state, employee_zipcode, employee_homephone, employee_cellphone, employee_email, employee_commissionpercent, employee_salescount, employee_salesamount)
  VALUES ('000-00-5555','Employee5','Address1','City1','State1','Zipcode1','208111115','2081111115','employee1@gmail.com',2,50,254300.00);
INSERT INTO EMPLOYEES (employee_ssn, employee_name, employee_address, employee_city, employee_state, employee_zipcode, employee_homephone, employee_cellphone, employee_email, employee_commissionpercent, employee_salescount, employee_salesamount)
  VALUES ('000-00-6666','Employee6','Address1','City1','State1','Zipcode1','208111116','2081111116','employee1@gmail.com',2,20,20000.00);
INSERT INTO EMPLOYEES (employee_ssn, employee_name, employee_address, employee_city, employee_state, employee_zipcode, employee_homephone, employee_cellphone, employee_email, employee_commissionpercent, employee_salescount, employee_salesamount)
  VALUES ('000-00-7777','Employee7','Address1','City1','State1','Zipcode1','208111117','2081111117','employee1@gmail.com',2,60,20000.00);
INSERT INTO EMPLOYEES (employee_ssn, employee_name, employee_address, employee_city, employee_state, employee_zipcode, employee_homephone, employee_cellphone, employee_email, employee_commissionpercent, employee_salescount, employee_salesamount)
  VALUES ('000-00-8888','Employee8','Address1','City1','State1','Zipcode1','208111118','2081111118','employee1@gmail.com',2,50,20000.00);
INSERT INTO EMPLOYEES (employee_ssn, employee_name, employee_address, employee_city, employee_state, employee_zipcode, employee_homephone, employee_cellphone, employee_email, employee_commissionpercent, employee_salescount, employee_salesamount)
  VALUES ('000-00-9999','Employee9','Address1','City1','State1','Zipcode1','208111119','2081111119','employee1@gmail.com',2,50,20000.00);
INSERT INTO EMPLOYEES (employee_ssn, employee_name, employee_address, employee_city, employee_state, employee_zipcode, employee_homephone, employee_cellphone, employee_email, employee_commissionpercent, employee_salescount, employee_salesamount)
  VALUES ('000-00-0000','Employee10','Address1','City1','State1','Zipcode1','208111110','2081111110','employee1@gmail.com',2,50,20000.00);

INSERT INTO PURCHASEAGREEMENTS (purchase_datetime, purchase_paymenttype, purchase_cardnumberused, customer_id, employee_id)
  VALUES ('2010-10-06 12:30:00','creditcard','5268080043376894',1,1);
INSERT INTO PURCHASEAGREEMENTS (purchase_datetime, purchase_paymenttype, purchase_cardnumberused, customer_id, employee_id)
  VALUES ('2010-10-06 12:30:00','cash','5268080043376894',2,1);
INSERT INTO PURCHASEAGREEMENTS (purchase_datetime, purchase_paymenttype, purchase_cardnumberused, customer_id, employee_id)
  VALUES ('2018-05-05 12:30:00','creditcard','5268080043376894',3,1);
INSERT INTO PURCHASEAGREEMENTS (purchase_datetime, purchase_paymenttype, purchase_cardnumberused, customer_id, employee_id)
  VALUES ('2018-05-05 12:30:00','cash','5268080043376894',1,2);
INSERT INTO PURCHASEAGREEMENTS (purchase_datetime, purchase_paymenttype, purchase_cardnumberused, customer_id, employee_id)
  VALUES ('2018-05-05 12:30:00','creditcard','5268080043376894',2,2);
INSERT INTO PURCHASEAGREEMENTS (purchase_datetime, purchase_paymenttype, purchase_cardnumberused, customer_id, employee_id)
  VALUES ('2018-05-05 12:30:00','cash','5268080043376894',3,2);
INSERT INTO PURCHASEAGREEMENTS (purchase_datetime, purchase_paymenttype, purchase_cardnumberused, customer_id, employee_id)
  VALUES ('2018-05-05 12:30:00','creditcard','5268080043376894',1,3);
INSERT INTO PURCHASEAGREEMENTS (purchase_datetime, purchase_paymenttype, purchase_cardnumberused, customer_id, employee_id)
  VALUES ('2018-05-05 12:30:00','cash','5268080043376894',2,3);
INSERT INTO PURCHASEAGREEMENTS (purchase_datetime, purchase_paymenttype, purchase_cardnumberused, customer_id, employee_id)
  VALUES ('2018-05-05 12:30:00','creditcard','5268080043376894',3,3);
INSERT INTO PURCHASEAGREEMENTS (purchase_datetime, purchase_paymenttype, purchase_cardnumberused, customer_id, employee_id)
  VALUES ('2018-05-05 12:30:00','cash','5268080043376894',1,4);
INSERT INTO PURCHASEAGREEMENTS (purchase_datetime, purchase_paymenttype, purchase_cardnumberused, customer_id, employee_id)
  VALUES ('2018-05-05 12:30:00','creditcard','5268080043376894',2,4);
INSERT INTO PURCHASEAGREEMENTS (purchase_datetime, purchase_paymenttype, purchase_cardnumberused, customer_id, employee_id)
  VALUES ('2018-05-05 12:30:00','cash','',3,4);

INSERT INTO SUPPLIERS (supplier_name, supplier_address, supplier_city, supplier_state, supplier_zip, supplier_phone, supplier_fax, supplier_contact, supplier_email)
  VALUES ('Supplier1','Address1','City1','State1','Zipcode1','208111111','2081111111','Contact1','contact@supplier1.com');
INSERT INTO SUPPLIERS (supplier_name, supplier_address, supplier_city, supplier_state, supplier_zip, supplier_phone, supplier_fax, supplier_contact, supplier_email)
  VALUES ('Supplier2','Address2','City1','State1','Zipcode1','208111111','2081111111','Contact2','contact@supplier2.com');
INSERT INTO SUPPLIERS (supplier_name, supplier_address, supplier_city, supplier_state, supplier_zip, supplier_phone, supplier_fax, supplier_contact, supplier_email)
  VALUES ('AurSupplier','Address3','City1','State1','Zipcode1','208111111','2081111111','Contact3','contact@supplier3.com');

INSERT INTO PRODUCTCATEGORIES (model_description, model_manufacturer, model_inventorycount, model_reorderquantity)
  VALUES ('Desc1','Manu1',10,4);
INSERT INTO PRODUCTCATEGORIES (model_description, model_manufacturer, model_inventorycount, model_reorderquantity)
  VALUES ('Desc2','Manu1',12,4);
INSERT INTO PRODUCTCATEGORIES (model_description, model_manufacturer, model_inventorycount, model_reorderquantity)
  VALUES ('Desc3','Manu1',13,4);
INSERT INTO PRODUCTCATEGORIES (model_description, model_manufacturer, model_inventorycount, model_reorderquantity)
  VALUES ('Desc4','Manu1',14,4);
INSERT INTO PRODUCTCATEGORIES (model_description, model_manufacturer, model_inventorycount, model_reorderquantity)
  VALUES ('Desc5','Manu1',20,4);
INSERT INTO PRODUCTCATEGORIES (model_description, model_manufacturer, model_inventorycount, model_reorderquantity)
  VALUES ('Desc6','Aeros',20,4);
INSERT INTO PRODUCTCATEGORIES (model_description, model_manufacturer, model_inventorycount, model_reorderquantity)
  VALUES ('Desc7','Aur',20,4);

INSERT INTO PIECEOFEQUIPMENT (equipment_serialnumber, equipment_purchaseprice, equipment_saleprice, equipment_purchasedate, model_id, supplier_id)
  VALUES (1234,1000,1200,'2018-03-30',1,1);
INSERT INTO PIECEOFEQUIPMENT (equipment_serialnumber, equipment_purchaseprice, equipment_saleprice, equipment_purchasedate, model_id, supplier_id)
  VALUES (2345,1000,1200,'2018-03-30',2,1);
INSERT INTO PIECEOFEQUIPMENT (equipment_serialnumber, equipment_purchaseprice, equipment_saleprice, equipment_purchasedate, model_id, supplier_id)
  VALUES (3456,1000,1200,'2018-03-30',3,1);
INSERT INTO PIECEOFEQUIPMENT (equipment_serialnumber, equipment_purchaseprice, equipment_saleprice, equipment_purchasedate, model_id, supplier_id)
  VALUES (4567,1000,1200,'2018-03-30',1,2);
INSERT INTO PIECEOFEQUIPMENT (equipment_serialnumber, equipment_purchaseprice, equipment_saleprice, equipment_purchasedate, model_id, supplier_id)
  VALUES (5678,1000,1200,'2018-03-30',2,2);
INSERT INTO PIECEOFEQUIPMENT (equipment_serialnumber, equipment_purchaseprice, equipment_saleprice, equipment_purchasedate, model_id, supplier_id)
  VALUES (6789,1000,1200,'2018-03-30',3,2);
INSERT INTO PIECEOFEQUIPMENT (equipment_serialnumber, equipment_purchaseprice, equipment_saleprice, equipment_purchasedate, model_id, supplier_id)
  VALUES (7890,1000,1200,'2018-03-30',1,3);
INSERT INTO PIECEOFEQUIPMENT (equipment_serialnumber, equipment_purchaseprice, equipment_saleprice, equipment_purchasedate, model_id, supplier_id)
  VALUES (8901,1000,1200,'2018-03-30',2,3);
INSERT INTO PIECEOFEQUIPMENT (equipment_serialnumber, equipment_purchaseprice, equipment_saleprice, equipment_purchasedate, model_id, supplier_id)
  VALUES (9012,1000,1200,'2018-03-30',3,3);
INSERT INTO PIECEOFEQUIPMENT (equipment_serialnumber, equipment_purchaseprice, equipment_saleprice, equipment_purchasedate, model_id, supplier_id)
  VALUES (901444,1000,1200,'2016-03-30',3,3);

INSERT INTO ORDERS (orders_date_made, orders_date_received, supplier_id)
  VALUES ('2018-03-30','2018-04-05',1);
INSERT INTO ORDERS (orders_date_made, orders_date_received, supplier_id)
  VALUES ('2018-03-30','2018-04-05',2);
INSERT INTO ORDERS (orders_date_made, orders_date_received, supplier_id)
  VALUES ('2018-03-30','2018-04-05',3);
INSERT INTO ORDERS (orders_date_made, orders_date_received, supplier_id)
  VALUES ('2018-03-30',NULL,3);
INSERT INTO ORDERS (orders_date_made, orders_date_received, supplier_id)
  VALUES ('2018-03-29',NULL,3);

INSERT INTO HOLDS_ACCOUNTS (customer_id, creditcard_number)
  VALUES (1,'0000111122221111');
INSERT INTO HOLDS_ACCOUNTS (customer_id, creditcard_number)
  VALUES (1,'0000111122222222');
INSERT INTO HOLDS_ACCOUNTS (customer_id, creditcard_number)
  VALUES (1,'0000111122223333');
INSERT INTO HOLDS_ACCOUNTS (customer_id, creditcard_number)
  VALUES (4,'0000111122224444');
INSERT INTO HOLDS_ACCOUNTS (customer_id, creditcard_number)
  VALUES (5,'0000111122225555');
INSERT INTO HOLDS_ACCOUNTS (customer_id, creditcard_number)
  VALUES (6,'0000111122226666');
INSERT INTO HOLDS_ACCOUNTS (customer_id, creditcard_number)
  VALUES (7,'0000111122227777');
INSERT INTO HOLDS_ACCOUNTS (customer_id, creditcard_number)
  VALUES (8,'0000111122228888');
INSERT INTO HOLDS_ACCOUNTS (customer_id, creditcard_number)
  VALUES (9,'0000111122229999');
INSERT INTO HOLDS_ACCOUNTS (customer_id, creditcard_number)
  VALUES (10,'0000111122220000');

INSERT INTO LINEITEMS(purchaseagreement_id,equipment_id)
  VALUES (1,1);
INSERT INTO LINEITEMS(purchaseagreement_id,equipment_id)
  VALUES (1,2);
INSERT INTO LINEITEMS(purchaseagreement_id,equipment_id)
  VALUES (2,3);
INSERT INTO LINEITEMS(purchaseagreement_id,equipment_id)
  VALUES (2,4);
INSERT INTO LINEITEMS(purchaseagreement_id,equipment_id)
  VALUES (3,5);
INSERT INTO LINEITEMS(purchaseagreement_id,equipment_id)
  VALUES (3,6);
INSERT INTO LINEITEMS(purchaseagreement_id,equipment_id)
  VALUES (4,7);

INSERT INTO LINEITEMEQUIPMENTS(order_id,model_id,lineitem_equipmentquantity,lineitem_equipmentprice)
  VALUES (1,1,4,1000);
INSERT INTO LINEITEMEQUIPMENTS(order_id,model_id,lineitem_equipmentquantity,lineitem_equipmentprice)
  VALUES (1,2,4,1000);
INSERT INTO LINEITEMEQUIPMENTS(order_id,model_id,lineitem_equipmentquantity,lineitem_equipmentprice)
  VALUES (2,3,4,1000);
INSERT INTO LINEITEMEQUIPMENTS(order_id,model_id,lineitem_equipmentquantity,lineitem_equipmentprice)
  VALUES (2,4,4,1000);
INSERT INTO LINEITEMEQUIPMENTS(order_id,model_id,lineitem_equipmentquantity,lineitem_equipmentprice)
  VALUES (3,5,4,1000);
# INSERT INTO LINEITEMEQUIPMENTS(order_id,model_id,lineitem_equipmentquantity,lineitem_equipmentprice)
#   VALUES (3,6,4,1000);

INSERT INTO PURCHASEAGREEMENTS (purchase_datetime, purchase_paymenttype, purchase_cardnumberused, customer_id, employee_id)
    VALUES ('2010-10-06 12:30:00','creditcard','5268080043376894',1,1);